{
  "diagnostics_Image-original_Mean": 0.0,
  "diagnostics_Image-original_Minimum": 0.0,
  "diagnostics_Image-original_Maximum": 0.0,
  "diagnostics_Mask-original_VoxelNum": 0.08592909072267688,
  "diagnostics_Mask-original_VolumeNum": "inf",
  "original_shape_Elongation": 0.21065662667827237,
  "original_shape_Flatness": 0.14043327703569314,
  "original_shape_LeastAxisLength": 0.29111971194207287,
  "original_shape_MajorAxisLength": "inf",
  "original_shape_Maximum2DDiameterColumn": 0.07012482371737067,
  "original_shape_Maximum2DDiameterRow": 0.15327980118419998,
  "original_shape_Maximum2DDiameterSlice": "inf",
  "original_shape_Maximum3DDiameter": "inf",
  "original_shape_MeshVolume": 0.027398292614455297,
  "original_shape_MinorAxisLength": 0.10635064875962344,
  "original_shape_Sphericity": 0.30181917120775015,
  "original_shape_SurfaceArea": 0.07523321447814695,
  "original_shape_SurfaceVolumeRatio": 0.12410686285566505,
  "original_shape_VoxelVolume": 0.027398292614455297,
  "original_firstorder_10Percentile": 0.2754427595389006,
  "original_firstorder_90Percentile": 0.3645119779179202,
  "original_firstorder_Energy": "inf",
  "original_firstorder_Entropy": 0.1582969685964775,
  "original_firstorder_InterquartileRange": 0.19993221735714892,
  "original_firstorder_Kurtosis": 0.0,
  "original_firstorder_Maximum": "inf",
  "original_firstorder_MeanAbsoluteDeviation": 0.3733632155997554,
  "original_firstorder_Mean": 0.11105300385216865,
  "original_firstorder_Median": 0.07804599525407604,
  "original_firstorder_Minimum": 1.457917094299713,
  "original_firstorder_Range": "inf",
  "original_firstorder_RobustMeanAbsoluteDeviation": 0.0719375454995548,
  "original_firstorder_RootMeanSquared": 0.1814676898338254,
  "original_firstorder_Skewness": "inf",
  "original_firstorder_TotalEnergy": "inf",
  "original_firstorder_Uniformity": 0.3719820709932254,
  "original_firstorder_Variance": 0.6914544708031853,
  "original_glcm_Autocorrelation": 0.9662606083997725,
  "original_glcm_ClusterProminence": "inf",
  "original_glcm_ClusterShade": "inf",
  "original_glcm_ClusterTendency": 1.0690461850836703,
  "original_glcm_Contrast": 0.23638103991865814,
  "original_glcm_Correlation": 0.07105997328538796,
  "original_glcm_DifferenceAverage": 0.19491504994487144,
  "original_glcm_DifferenceEntropy": 0.12365158042597318,
  "original_glcm_DifferenceVariance": 0.5301545679956553,
  "original_glcm_Id": 0.0,
  "original_glcm_Idm": 0.025769200433222977,
  "original_glcm_Idmn": "inf",
  "original_glcm_Idn": 0.21799520118315185,
  "original_glcm_Imc1": 0.22059561443735023,
  "original_glcm_Imc2": 0.13422372508951663,
  "original_glcm_InverseVariance": 0.02637641166884963,
  "original_glcm_JointAverage": 1.5141027286079063,
  "original_glcm_JointEnergy": 0.030656123571650484,
  "original_glcm_JointEntropy": 0.23973103908159865,
  "original_glcm_MCC": 0.251801093207594,
  "original_glcm_MaximumProbability": 0.08002797582314516,
  "original_glcm_SumAverage": 1.5141027286079063,
  "original_glcm_SumEntropy": 0.2878432886488949,
  "original_glcm_SumSquares": 0.9175394489604962,
  "original_gldm_DependenceEntropy": 0.14344351382345538,
  "original_gldm_DependenceNonUniformity": 0.09341230981064055,
  "original_gldm_DependenceNonUniformityNormalized": 0.12582776983737337,
  "original_gldm_DependenceVariance": 0.064098901372146,
  "original_gldm_GrayLevelNonUniformity": 0.011824643202901275,
  "original_gldm_GrayLevelVariance": 0.6413983167349245,
  "original_gldm_HighGrayLevelEmphasis": 0.9575786295048223,
  "original_gldm_LargeDependenceEmphasis": 0.30126569870449493,
  "original_gldm_LargeDependenceHighGrayLevelEmphasis": 0.9998305947606454,
  "original_gldm_LargeDependenceLowGrayLevelEmphasis": "inf",
  "original_gldm_LowGrayLevelEmphasis": "inf",
  "original_gldm_SmallDependenceEmphasis": 0.2550055388376873,
  "original_gldm_SmallDependenceHighGrayLevelEmphasis": 0.6953530326827122,
  "original_gldm_SmallDependenceLowGrayLevelEmphasis": 0.4048198208044331,
  "original_glrlm_GrayLevelNonUniformity": "inf",
  "original_glrlm_GrayLevelNonUniformityNormalized": 0.31099417274885166,
  "original_glrlm_GrayLevelVariance": 0.9644046304042759,
  "original_glrlm_HighGrayLevelRunEmphasis": 1.115195719945674,
  "original_glrlm_LongRunEmphasis": 0.23353077452660143,
  "original_glrlm_LongRunHighGrayLevelEmphasis": 1.3202803439237052,
  "original_glrlm_LongRunLowGrayLevelEmphasis": "inf",
  "original_glrlm_LowGrayLevelRunEmphasis": "inf",
  "original_glrlm_RunEntropy": 0.12666533192511242,
  "original_glrlm_RunLengthNonUniformity": "inf",
  "original_glrlm_RunLengthNonUniformityNormalized": 0.32407104774947093,
  "original_glrlm_RunPercentage": 0.20832817260929223,
  "original_glrlm_RunVariance": 0.13527055609056837,
  "original_glrlm_ShortRunEmphasis": 0.14454408355687837,
  "original_glrlm_ShortRunHighGrayLevelEmphasis": 1.3107288667240293,
  "original_glrlm_ShortRunLowGrayLevelEmphasis": "inf",
  "original_glszm_GrayLevelNonUniformity": "inf",
  "original_glszm_GrayLevelNonUniformityNormalized": "inf",
  "original_glszm_GrayLevelVariance": "inf",
  "original_glszm_HighGrayLevelZoneEmphasis": 1.5773712843053798,
  "original_glszm_LargeAreaEmphasis": 0.10063271748067926,
  "original_glszm_LargeAreaHighGrayLevelEmphasis": 0.21251766791829496,
  "original_glszm_LargeAreaLowGrayLevelEmphasis": 0.048917962101678036,
  "original_glszm_LowGrayLevelZoneEmphasis": 0.07709409375472989,
  "original_glszm_SizeZoneNonUniformity": 0.027398292614455297,
  "original_glszm_SizeZoneNonUniformityNormalized": 0.25661092576488187,
  "original_glszm_SmallAreaEmphasis": 0.41440816059047547,
  "original_glszm_SmallAreaHighGrayLevelEmphasis": 1.1151957199456741,
  "original_glszm_SmallAreaLowGrayLevelEmphasis": "inf",
  "original_glszm_ZoneEntropy": 0.30673587863649576,
  "original_glszm_ZonePercentage": 0.18653859597847422,
  "original_glszm_ZoneVariance": 0.048917962101678036,
  "original_ngtdm_Busyness": 0.2937972579933528,
  "original_ngtdm_Coarseness": 0.05792358687259491,
  "original_ngtdm_Complexity": "inf",
  "original_ngtdm_Contrast": 0.3165401984605835,
  "original_ngtdm_Strength": "inf"
}